ContestId,Contest,Candidate_IssueId,Candidate_Issue,Party,PrecinctCode,PrecinctName,EarlyVotes,MailBallotsVotes,ElectionDateVotes,ProvisionalVotes,TotalVotes
"13102","President and Vice President","59307","Donald J. Trump","REP","101","101","513","427","366","0","1306"
"13102","President and Vice President","59307","Donald J. Trump","REP","103","103","694","386","364","0","1444"
"13102","President and Vice President","59307","Donald J. Trump","REP","105","105","480","299","376","0","1155"
"13102","President and Vice President","59307","Donald J. Trump","REP","107","107","582","462","545","0","1589"
"13102","President and Vice President","59307","Donald J. Trump","REP","108","108","331","222","296","0","849"
"13102","President and Vice President","59307","Donald J. Trump","REP","109","109","375","249","266","0","890"
"13102","President and Vice President","59307","Donald J. Trump","REP","111","111","318","246","233","0","797"
"13102","President and Vice President","59307","Donald J. Trump","REP","112","112","386","305","232","0","923"
"13102","President and Vice President","59307","Donald J. Trump","REP","113","113","470","252","249","0","971"
"13102","President and Vice President","59307","Donald J. Trump","REP","115","115","359","161","174","0","694"
"13102","President and Vice President","59307","Donald J. Trump","REP","116","116","249","182","168","0","599"
"13102","President and Vice President","59307","Donald J. Trump","REP","117","117","669","461","308","0","1438"
"13102","President and Vice President","59307","Donald J. Trump","REP","119","119","661","349","338","0","1348"
"13102","President and Vice President","59307","Donald J. Trump","REP","121","121","479","261","361","0","1101"
"13102","President and Vice President","59307","Donald J. Trump","REP","123","123","385","469","310","0","1164"
"13102","President and Vice President","59307","Donald J. Trump","REP","125","125","163","171","221","0","555"
"13102","President and Vice President","59307","Donald J. Trump","REP","127","127","355","373","508","0","1236"
"13102","President and Vice President","59307","Donald J. Trump","REP","129","129","282","252","354","0","888"
"13102","President and Vice President","59307","Donald J. Trump","REP","131","131","480","367","353","0","1200"
"13102","President and Vice President","59307","Donald J. Trump","REP","133","133","268","305","257","0","830"
"13102","President and Vice President","59307","Donald J. Trump","REP","135","135","539","455","392","0","1386"
"13102","President and Vice President","59307","Donald J. Trump","REP","137","137","451","347","301","0","1099"
"13102","President and Vice President","59307","Donald J. Trump","REP","139","139","550","486","288","0","1324"
"13102","President and Vice President","59307","Donald J. Trump","REP","141","141","177","118","142","0","437"
"13102","President and Vice President","59307","Donald J. Trump","REP","145","145","126","115","173","0","414"
"13102","President and Vice President","59307","Donald J. Trump","REP","151","151","158","121","175","0","454"
"13102","President and Vice President","59307","Donald J. Trump","REP","153","153","54","37","64","0","155"
"13102","President and Vice President","59307","Donald J. Trump","REP","157","157","103","101","86","0","290"
"13102","President and Vice President","59307","Donald J. Trump","REP","159","159","409","432","322","0","1163"
"13102","President and Vice President","59307","Donald J. Trump","REP","160","160","357","254","294","0","905"
"13102","President and Vice President","59307","Donald J. Trump","REP","163","163","34","39","34","0","107"
"13102","President and Vice President","59307","Donald J. Trump","REP","165","165","109","128","188","0","425"
"13102","President and Vice President","59307","Donald J. Trump","REP","169","169","93","65","126","0","284"
"13102","President and Vice President","59307","Donald J. Trump","REP","175","175","223","192","249","0","664"
"13102","President and Vice President","59307","Donald J. Trump","REP","179","179","173","152","195","0","520"
"13102","President and Vice President","59307","Donald J. Trump","REP","203","203","171","117","189","0","477"
"13102","President and Vice President","59307","Donald J. Trump","REP","205","205","220","251","235","0","706"
"13102","President and Vice President","59307","Donald J. Trump","REP","207","207","48","17","18","0","83"
"13102","President and Vice President","59307","Donald J. Trump","REP","209","209","47","47","75","0","169"
"13102","President and Vice President","59307","Donald J. Trump","REP","213","213","45","39","85","0","169"
"13102","President and Vice President","59307","Donald J. Trump","REP","217","217","268","221","182","0","671"
"13102","President and Vice President","59307","Donald J. Trump","REP","218","218","69","87","44","0","200"
"13102","President and Vice President","59307","Donald J. Trump","REP","219","219","204","273","259","0","736"
"13102","President and Vice President","59307","Donald J. Trump","REP","221","221","39","34","45","0","118"
"13102","President and Vice President","59307","Donald J. Trump","REP","223","223","134","179","158","0","471"
"13102","President and Vice President","59307","Donald J. Trump","REP","225","225","132","107","128","0","367"
"13102","President and Vice President","59307","Donald J. Trump","REP","227","227","187","267","287","0","741"
"13102","President and Vice President","59307","Donald J. Trump","REP","231","231","170","170","208","0","548"
"13102","President and Vice President","59307","Donald J. Trump","REP","233","233","122","105","167","0","394"
"13102","President and Vice President","59307","Donald J. Trump","REP","237","237","160","143","297","0","600"
"13102","President and Vice President","59307","Donald J. Trump","REP","239","239","172","163","228","0","563"
"13102","President and Vice President","59307","Donald J. Trump","REP","240","240","259","295","272","0","826"
"13102","President and Vice President","59307","Donald J. Trump","REP","241","241","4","6","16","0","26"
"13102","President and Vice President","59307","Donald J. Trump","REP","243","243","206","164","161","0","531"
"13102","President and Vice President","59307","Donald J. Trump","REP","245","245","162","144","223","0","529"
"13102","President and Vice President","59307","Donald J. Trump","REP","247","247","27","33","58","0","118"
"13102","President and Vice President","59307","Donald J. Trump","REP","249","249","331","347","342","0","1020"
"13102","President and Vice President","59307","Donald J. Trump","REP","250","250","5","10","15","0","30"
"13102","President and Vice President","59307","Donald J. Trump","REP","301","301","18","50","90","0","158"
"13102","President and Vice President","59307","Donald J. Trump","REP","303","303","15","24","17","0","56"
"13102","President and Vice President","59307","Donald J. Trump","REP","305","305","84","66","96","0","246"
"13102","President and Vice President","59307","Donald J. Trump","REP","307","307","65","74","64","0","203"
"13102","President and Vice President","59307","Donald J. Trump","REP","309","309","16","15","17","0","48"
"13102","President and Vice President","59307","Donald J. Trump","REP","317","317","47","73","87","0","207"
"13102","President and Vice President","59307","Donald J. Trump","REP","318","318","57","82","84","0","223"
"13102","President and Vice President","59307","Donald J. Trump","REP","319","319","59","84","134","0","277"
"13102","President and Vice President","59307","Donald J. Trump","REP","321","321","45","35","30","0","110"
"13102","President and Vice President","59307","Donald J. Trump","REP","325","325","29","18","21","0","68"
"13102","President and Vice President","59307","Donald J. Trump","REP","327","327","39","40","48","0","127"
"13102","President and Vice President","59307","Donald J. Trump","REP","329","329","71","67","81","0","219"
"13102","President and Vice President","59307","Donald J. Trump","REP","333","333","92","66","138","0","296"
"13102","President and Vice President","59307","Donald J. Trump","REP","335","335","101","83","102","0","286"
"13102","President and Vice President","59307","Donald J. Trump","REP","338","338","56","42","56","0","154"
"13102","President and Vice President","59307","Donald J. Trump","REP","339","339","67","72","63","0","202"
"13102","President and Vice President","59307","Donald J. Trump","REP","341","341","151","139","168","0","458"
"13102","President and Vice President","59307","Donald J. Trump","REP","342","342","143","165","96","0","404"
"13102","President and Vice President","59307","Donald J. Trump","REP","343","343","139","86","106","0","331"
"13102","President and Vice President","59307","Donald J. Trump","REP","344","344","62","63","54","0","179"
"13102","President and Vice President","59307","Donald J. Trump","REP","345","345","159","139","164","0","462"
"13102","President and Vice President","59307","Donald J. Trump","REP","346","346","3","0","3","0","6"
"13102","President and Vice President","59307","Donald J. Trump","REP","347","347","113","117","106","0","336"
"13102","President and Vice President","59307","Donald J. Trump","REP","353","353","42","8","214","0","264"
"13102","President and Vice President","59307","Donald J. Trump","REP","355","355","59","41","40","0","140"
"13102","President and Vice President","59307","Donald J. Trump","REP","356","356","28","12","22","0","62"
"13102","President and Vice President","59307","Donald J. Trump","REP","357","357","213","232","189","0","634"
"13102","President and Vice President","59307","Donald J. Trump","REP","358","358","208","182","199","0","589"
"13102","President and Vice President","59307","Donald J. Trump","REP","359","359","654","513","379","0","1546"
"13102","President and Vice President","59307","Donald J. Trump","REP","361","361","738","306","172","0","1216"
"13102","President and Vice President","59307","Donald J. Trump","REP","362","362","796","397","183","0","1376"
"13102","President and Vice President","59307","Donald J. Trump","REP","363","363","621","266","250","0","1137"
"13102","President and Vice President","59307","Donald J. Trump","REP","367","367","1074","670","530","0","2274"
"13102","President and Vice President","59307","Donald J. Trump","REP","401","401","483","352","438","0","1273"
"13102","President and Vice President","59307","Donald J. Trump","REP","403","403","246","171","244","0","661"
"13102","President and Vice President","59307","Donald J. Trump","REP","404","404","204","173","120","0","497"
"13102","President and Vice President","59307","Donald J. Trump","REP","405","405","145","97","153","0","395"
"13102","President and Vice President","59307","Donald J. Trump","REP","407","407","266","215","215","0","696"
"13102","President and Vice President","59307","Donald J. Trump","REP","410","410","160","108","124","0","392"
"13102","President and Vice President","59307","Donald J. Trump","REP","411","411","343","184","164","0","691"
"13102","President and Vice President","59307","Donald J. Trump","REP","412","412","519","367","326","0","1212"
"13102","President and Vice President","59307","Donald J. Trump","REP","413","413","154","139","133","0","426"
"13102","President and Vice President","59307","Donald J. Trump","REP","414","414","233","127","240","0","600"
"13102","President and Vice President","59307","Donald J. Trump","REP","415","415","395","313","293","0","1001"
"13102","President and Vice President","59307","Donald J. Trump","REP","421","421","335","228","248","0","811"
"13102","President and Vice President","59307","Donald J. Trump","REP","422","422","263","216","185","0","664"
"13102","President and Vice President","59307","Donald J. Trump","REP","423","423","202","192","172","0","566"
"13102","President and Vice President","59307","Donald J. Trump","REP","429","429","312","247","197","0","756"
"13102","President and Vice President","59307","Donald J. Trump","REP","430","430","121","74","94","0","289"
"13102","President and Vice President","59307","Donald J. Trump","REP","431","431","557","414","273","0","1244"
"13102","President and Vice President","59307","Donald J. Trump","REP","433","433","158","174","159","0","491"
"13102","President and Vice President","59307","Donald J. Trump","REP","434","434","426","253","402","0","1081"
"13102","President and Vice President","59307","Donald J. Trump","REP","451","451","252","327","235","0","814"
"13102","President and Vice President","59307","Donald J. Trump","REP","454","454","144","225","222","0","591"
"13102","President and Vice President","59307","Donald J. Trump","REP","455","455","136","131","219","0","486"
"13102","President and Vice President","59307","Donald J. Trump","REP","457","457","150","201","279","0","630"
"13102","President and Vice President","59307","Donald J. Trump","REP","459","459","301","265","261","0","827"
"13102","President and Vice President","59307","Donald J. Trump","REP","461","461","131","184","153","0","468"
"13102","President and Vice President","59307","Donald J. Trump","REP","463","463","94","74","110","0","278"
"13102","President and Vice President","59307","Donald J. Trump","REP","500","500","976","540","432","0","1948"
"13102","President and Vice President","59307","Donald J. Trump","REP","501","501","753","366","286","0","1405"
"13102","President and Vice President","59307","Donald J. Trump","REP","502","502","118","101","135","0","354"
"13102","President and Vice President","59307","Donald J. Trump","REP","503","503","297","374","349","0","1020"
"13102","President and Vice President","59307","Donald J. Trump","REP","504","504","196","231","212","0","639"
"13102","President and Vice President","59307","Donald J. Trump","REP","505","505","351","386","416","0","1153"
"13102","President and Vice President","59307","Donald J. Trump","REP","507","507","296","254","170","0","720"
"13102","President and Vice President","59307","Donald J. Trump","REP","508","508","647","292","199","0","1138"
"13102","President and Vice President","59307","Donald J. Trump","REP","509","509","217","288","213","0","718"
"13102","President and Vice President","59307","Donald J. Trump","REP","510","510","332","422","277","0","1031"
"13102","President and Vice President","59307","Donald J. Trump","REP","511","511","308","313","263","0","884"
"13102","President and Vice President","59307","Donald J. Trump","REP","513","513","142","144","131","0","417"
"13102","President and Vice President","59307","Donald J. Trump","REP","514","514","246","303","168","0","717"
"13102","President and Vice President","59307","Donald J. Trump","REP","516","516","335","313","232","0","880"
"13102","President and Vice President","59307","Donald J. Trump","REP","517","517","301","259","229","0","789"
"13102","President and Vice President","59307","Donald J. Trump","REP","519","519","323","255","275","0","853"
"13102","President and Vice President","59307","Donald J. Trump","REP","520","520","182","124","125","0","431"
"13102","President and Vice President","59307","Donald J. Trump","REP","521","521","480","340","304","0","1124"
"13102","President and Vice President","59307","Donald J. Trump","REP","522","522","211","172","125","0","508"
"13102","President and Vice President","59307","Donald J. Trump","REP","523","523","382","321","371","0","1074"
"13102","President and Vice President","59307","Donald J. Trump","REP","524","524","182","158","186","0","526"
"13102","President and Vice President","59307","Donald J. Trump","REP","525","525","643","475","410","0","1528"
"13102","President and Vice President","59307","Donald J. Trump","REP","526","526","441","288","239","0","968"
"13102","President and Vice President","59307","Donald J. Trump","REP","527","527","1167","655","509","0","2331"
"13102","President and Vice President","59307","Donald J. Trump","REP","528","528","884","619","368","0","1871"
"13102","President and Vice President","59307","Donald J. Trump","REP","529","529","588","493","311","0","1392"
"13102","President and Vice President","59307","Donald J. Trump","REP","530","530","422","166","123","0","711"
"13102","President and Vice President","59307","Donald J. Trump","REP","531","531","729","578","511","0","1818"
"13102","President and Vice President","59307","Donald J. Trump","REP","532","532","309","208","136","0","653"
"13102","President and Vice President","59307","Donald J. Trump","REP","533","533","540","461","376","0","1377"
"13102","President and Vice President","59307","Donald J. Trump","REP","534","534","328","231","243","0","802"
"13102","President and Vice President","59307","Donald J. Trump","REP","535","535","162","124","325","0","611"
"13102","President and Vice President","59307","Donald J. Trump","REP","537","537","463","409","485","0","1357"
"13102","President and Vice President","59307","Donald J. Trump","REP","538","538","631","575","447","0","1653"
"13102","President and Vice President","59307","Donald J. Trump","REP","550","550","148","159","142","0","449"
"13102","President and Vice President","59307","Donald J. Trump","REP","551","551","294","296","325","0","915"
"13102","President and Vice President","59307","Donald J. Trump","REP","552","552","256","256","174","0","686"
"13102","President and Vice President","59307","Donald J. Trump","REP","554","554","168","168","178","0","514"
"13102","President and Vice President","59307","Donald J. Trump","REP","555","555","119","121","175","0","415"
"13102","President and Vice President","59307","Donald J. Trump","REP","557","557","233","240","220","0","693"
"13102","President and Vice President","59307","Donald J. Trump","REP","559","559","57","34","78","0","169"
"13102","President and Vice President","59307","Donald J. Trump","REP","560","560","4","78","91","0","173"
"13102","President and Vice President","59307","Donald J. Trump","REP","561","561","3","44","64","0","111"
"13102","President and Vice President","59307","Donald J. Trump","REP","562","562","180","109","201","0","490"
"13102","President and Vice President","59307","Donald J. Trump","REP","563","563","90","67","130","0","287"
"13102","President and Vice President","59307","Donald J. Trump","REP","565","565","19","11","30","0","60"
"13102","President and Vice President","59307","Donald J. Trump","REP","566","566","51","47","50","0","148"
"13102","President and Vice President","59307","Donald J. Trump","REP","567","567","33","39","56","0","128"
"13102","President and Vice President","59307","Donald J. Trump","REP","569","569","379","301","310","0","990"
"13102","President and Vice President","59307","Donald J. Trump","REP","571","571","206","196","152","0","554"
"13102","President and Vice President","59307","Donald J. Trump","REP","573","573","21","17","24","0","62"
"13102","President and Vice President","59307","Donald J. Trump","REP","574","574","406","306","289","0","1001"
"13102","President and Vice President","59307","Donald J. Trump","REP","575","575","375","297","285","0","957"
"13102","President and Vice President","59307","Donald J. Trump","REP","577","577","590","460","254","0","1304"
"13102","President and Vice President","59307","Donald J. Trump","REP","578","578","335","232","128","0","695"
"13102","President and Vice President","59307","Donald J. Trump","REP","579","579","429","464","267","0","1160"
"13102","President and Vice President","59307","Donald J. Trump","REP","581","581","208","183","247","0","638"
"13102","President and Vice President","59307","Donald J. Trump","REP","583","583","147","129","135","0","411"
"13102","President and Vice President","59307","Donald J. Trump","REP","584","584","104","69","95","0","268"
"13102","President and Vice President","59307","Donald J. Trump","REP","585","585","355","322","399","0","1076"
"13102","President and Vice President","59307","Donald J. Trump","REP","587","587","420","373","434","0","1227"
"13102","President and Vice President","59307","Donald J. Trump","REP","589","589","172","224","259","0","655"
"13102","President and Vice President","59307","Donald J. Trump","REP","591","591","611","594","599","0","1804"
"13102","President and Vice President","59307","Donald J. Trump","REP","595","595","489","463","538","0","1490"
"13102","President and Vice President","59307","Donald J. Trump","REP","601","601","91","103","123","0","317"
"13102","President and Vice President","59307","Donald J. Trump","REP","603","603","43","32","70","0","145"
"13102","President and Vice President","59307","Donald J. Trump","REP","605","605","29","51","109","0","189"
"13102","President and Vice President","59307","Donald J. Trump","REP","613","613","30","28","29","0","87"
"13102","President and Vice President","59307","Donald J. Trump","REP","617","617","94","104","58","0","256"
"13102","President and Vice President","59307","Donald J. Trump","REP","622","622","67","57","72","0","196"
"13102","President and Vice President","59307","Donald J. Trump","REP","623","623","87","101","68","0","256"
"13102","President and Vice President","59307","Donald J. Trump","REP","625","625","119","91","121","0","331"
"13102","President and Vice President","59307","Donald J. Trump","REP","626","626","116","61","79","0","256"
"13102","President and Vice President","59307","Donald J. Trump","REP","629","629","228","220","329","0","777"
"13102","President and Vice President","59307","Donald J. Trump","REP","631","631","146","161","307","0","614"
"13102","President and Vice President","59307","Donald J. Trump","REP","633","633","334","370","339","0","1043"
"13102","President and Vice President","59307","Donald J. Trump","REP","635","635","208","185","207","0","600"
"13102","President and Vice President","59307","Donald J. Trump","REP","636","636","61","71","47","0","179"
"13102","President and Vice President","59307","Donald J. Trump","REP","637","637","7","3","1","0","11"
"13102","President and Vice President","59307","Donald J. Trump","REP","639","639","146","100","294","0","540"
"13102","President and Vice President","59307","Donald J. Trump","REP","641","641","84","56","83","0","223"
"13102","President and Vice President","59307","Donald J. Trump","REP","643","643","21","13","54","0","88"
"13102","President and Vice President","59307","Donald J. Trump","REP","650","650","104","39","60","0","203"
"13102","President and Vice President","59307","Donald J. Trump","REP","651","651","219","167","147","0","533"
"13102","President and Vice President","59307","Donald J. Trump","REP","652","652","139","118","110","0","367"
"13102","President and Vice President","59307","Donald J. Trump","REP","653","653","249","218","211","0","678"
"13102","President and Vice President","59307","Donald J. Trump","REP","654","654","49","54","67","0","170"
"13102","President and Vice President","59307","Donald J. Trump","REP","655","655","272","220","171","0","663"
"13102","President and Vice President","59307","Donald J. Trump","REP","657","657","167","142","134","0","443"
"13102","President and Vice President","59307","Donald J. Trump","REP","658","658","73","50","70","0","193"
"13102","President and Vice President","59307","Donald J. Trump","REP","659","659","262","259","147","0","668"
"13102","President and Vice President","59307","Donald J. Trump","REP","661","661","175","115","110","0","400"
"13102","President and Vice President","59307","Donald J. Trump","REP","662","662","78","70","59","0","207"
"13102","President and Vice President","59307","Donald J. Trump","REP","671","671","845","559","524","0","1928"
"13102","President and Vice President","59307","Donald J. Trump","REP","673","673","576","201","159","0","936"
"13102","President and Vice President","59307","Donald J. Trump","REP","701","701","1103","672","956","0","2731"
"13102","President and Vice President","59307","Donald J. Trump","REP","702","702","1228","853","909","0","2990"
"13102","President and Vice President","59307","Donald J. Trump","REP","703","703","361","236","297","0","894"
"13102","President and Vice President","59307","Donald J. Trump","REP","705","705","101","110","302","0","513"
"13102","President and Vice President","59307","Donald J. Trump","REP","706","706","230","185","415","0","830"
"13102","President and Vice President","59307","Donald J. Trump","REP","707","707","267","216","319","0","802"
"13102","President and Vice President","59307","Donald J. Trump","REP","709","709","376","311","511","0","1198"
"13102","President and Vice President","59307","Donald J. Trump","REP","711","711","258","151","305","0","714"
"13102","President and Vice President","59307","Donald J. Trump","REP","713","713","244","214","192","0","650"
"13102","President and Vice President","59307","Donald J. Trump","REP","721","721","431","409","493","0","1333"
"13102","President and Vice President","59307","Donald J. Trump","REP","750","750","764","396","486","0","1646"
"13102","President and Vice President","59307","Donald J. Trump","REP","751","751","732","402","396","0","1530"
"13102","President and Vice President","59307","Donald J. Trump","REP","753","753","310","143","174","0","627"
"13102","President and Vice President","59307","Donald J. Trump","REP","754","754","426","237","190","0","853"
"13102","President and Vice President","59307","Donald J. Trump","REP","755","755","219","103","182","0","504"
"13102","President and Vice President","59307","Donald J. Trump","REP","757","757","544","239","403","0","1186"
"13102","President and Vice President","59307","Donald J. Trump","REP","759","759","805","383","360","0","1548"
"13102","President and Vice President","59307","Donald J. Trump","REP","761","761","813","419","746","0","1978"
"13102","President and Vice President","59307","Donald J. Trump","REP","763","763","153","116","123","0","392"
"13102","President and Vice President","59307","Donald J. Trump","REP","764","764","438","311","456","0","1205"
"13102","President and Vice President","59307","Donald J. Trump","REP","765","765","384","220","431","0","1035"
"13102","President and Vice President","59307","Donald J. Trump","REP","767","767","383","286","434","0","1103"
"13102","President and Vice President","59307","Donald J. Trump","REP","769","769","443","340","398","0","1181"
"13102","President and Vice President","59307","Donald J. Trump","REP","801","801","300","282","238","0","820"
"13102","President and Vice President","59307","Donald J. Trump","REP","803","803","164","126","146","0","436"
"13102","President and Vice President","59307","Donald J. Trump","REP","804","804","628","387","326","0","1341"
"13102","President and Vice President","59307","Donald J. Trump","REP","805","805","793","535","385","0","1713"
"13102","President and Vice President","59307","Donald J. Trump","REP","806","806","444","342","345","0","1131"
"13102","President and Vice President","59307","Donald J. Trump","REP","807","807","312","226","208","0","746"
"13102","President and Vice President","59307","Donald J. Trump","REP","808","808","345","169","170","0","684"
"13102","President and Vice President","59307","Donald J. Trump","REP","809","809","225","132","86","0","443"
"13102","President and Vice President","59307","Donald J. Trump","REP","810","810","387","306","298","0","991"
"13102","President and Vice President","59307","Donald J. Trump","REP","811","811","507","426","381","0","1314"
"13102","President and Vice President","59307","Donald J. Trump","REP","813","813","935","638","643","0","2216"
"13102","President and Vice President","59307","Donald J. Trump","REP","814","814","445","360","545","0","1350"
"13102","President and Vice President","59307","Donald J. Trump","REP","815","815","256","154","121","0","531"
"13102","President and Vice President","59307","Donald J. Trump","REP","816","816","349","302","294","0","945"
"13102","President and Vice President","59307","Donald J. Trump","REP","817","817","644","609","516","0","1769"
"13102","President and Vice President","59307","Donald J. Trump","REP","818","818","468","329","481","0","1278"
"13102","President and Vice President","59307","Donald J. Trump","REP","819","819","66","180","297","0","543"
"13102","President and Vice President","59307","Donald J. Trump","REP","820","820","443","393","433","0","1269"
"13102","President and Vice President","59307","Donald J. Trump","REP","821","821","513","447","417","0","1377"
"13102","President and Vice President","59307","Donald J. Trump","REP","825","825","356","375","345","0","1076"
"13102","President and Vice President","59307","Donald J. Trump","REP","827","827","399","348","290","0","1037"
"13102","President and Vice President","59307","Donald J. Trump","REP","828","828","786","595","497","0","1878"
"13102","President and Vice President","59307","Donald J. Trump","REP","829","829","401","328","344","0","1073"
"13102","President and Vice President","59307","Donald J. Trump","REP","830","830","232","238","189","0","659"
"13102","President and Vice President","59307","Donald J. Trump","REP","832","832","360","278","266","0","904"
"13102","President and Vice President","59307","Donald J. Trump","REP","833","833","144","158","186","0","488"
"13102","President and Vice President","59307","Donald J. Trump","REP","834","834","192","158","186","0","536"
"13102","President and Vice President","59307","Donald J. Trump","REP","851","851","390","378","357","0","1125"
"13102","President and Vice President","59307","Donald J. Trump","REP","852","852","396","236","312","0","944"
"13102","President and Vice President","59307","Donald J. Trump","REP","853","853","82","68","69","0","219"
"13102","President and Vice President","59307","Donald J. Trump","REP","854","854","10","16","7","0","33"
"13102","President and Vice President","59307","Donald J. Trump","REP","855","855","228","263","279","0","770"
"13102","President and Vice President","59307","Donald J. Trump","REP","856","856","488","467","527","0","1482"
"13102","President and Vice President","59307","Donald J. Trump","REP","857","857","163","163","145","0","471"
"13102","President and Vice President","59307","Donald J. Trump","REP","858","858","162","173","209","0","544"
"13102","President and Vice President","59307","Donald J. Trump","REP","860","860","201","159","184","0","544"
"13102","President and Vice President","59307","Donald J. Trump","REP","862","862","40","41","38","0","119"
"13102","President and Vice President","59307","Donald J. Trump","REP","863","863","102","103","191","0","396"
"13102","President and Vice President","59307","Donald J. Trump","REP","867","867","598","507","714","0","1819"
"13102","President and Vice President","59307","Donald J. Trump","REP","868","868","194","199","260","0","653"
"13102","President and Vice President","59307","Donald J. Trump","REP","869","869","207","218","278","0","703"
"13102","President and Vice President","59307","Donald J. Trump","REP","871","871","402","406","419","0","1227"
"13102","President and Vice President","59307","Donald J. Trump","REP","875","875","504","526","561","0","1591"
"13102","President and Vice President","59307","Donald J. Trump","REP","876","876","373","353","375","0","1101"
"13102","President and Vice President","59307","Donald J. Trump","REP","879","879","428","373","398","0","1199"
"13102","President and Vice President","59307","Donald J. Trump","REP","883","883","283","222","242","0","747"
"13102","President and Vice President","59307","Donald J. Trump","REP","885","885","363","276","397","0","1036"
"13102","President and Vice President","59307","Donald J. Trump","REP","887","887","282","273","397","0","952"
"13102","President and Vice President","59307","Donald J. Trump","REP","889","889","164","152","218","0","534"
"13102","President and Vice President","59307","Donald J. Trump","REP","891","891","395","359","465","0","1219"
"13102","President and Vice President","59307","Donald J. Trump","REP","892","892","342","214","431","0","987"
"13102","President and Vice President","59307","Donald J. Trump","REP","901","901","361","207","325","0","893"
"13102","President and Vice President","59307","Donald J. Trump","REP","904","904","336","567","411","0","1314"
"13102","President and Vice President","59307","Donald J. Trump","REP","905","905","106","91","77","0","274"
"13102","President and Vice President","59307","Donald J. Trump","REP","906","906","28","124","67","0","219"
"13102","President and Vice President","59307","Donald J. Trump","REP","907","907","245","192","243","0","680"
"13102","President and Vice President","59307","Donald J. Trump","REP","908","908","584","756","507","0","1847"
"13102","President and Vice President","59307","Donald J. Trump","REP","909","909","556","834","526","0","1916"
"13102","President and Vice President","59307","Donald J. Trump","REP","911","911","171","216","148","0","535"
"13102","President and Vice President","59307","Donald J. Trump","REP","912","912","32","32","22","0","86"
"13102","President and Vice President","59307","Donald J. Trump","REP","913","913","766","667","336","0","1769"
"13102","President and Vice President","59307","Donald J. Trump","REP","914","914","456","266","304","0","1026"
"13102","President and Vice President","59307","Donald J. Trump","REP","917","917","48","47","112","0","207"
"13102","President and Vice President","59307","Donald J. Trump","REP","918","918","122","129","179","0","430"
"13102","President and Vice President","59307","Donald J. Trump","REP","919","919","167","146","301","0","614"
"13102","President and Vice President","59307","Donald J. Trump","REP","921","921","279","502","262","0","1043"
"13102","President and Vice President","59307","Donald J. Trump","REP","925","925","131","223","165","0","519"
"13102","President and Vice President","59307","Donald J. Trump","REP","927","927","25","159","112","0","296"
"13102","President and Vice President","59307","Donald J. Trump","REP","929","929","693","898","469","0","2060"
"13102","President and Vice President","59307","Donald J. Trump","REP","932","932","424","219","233","0","876"
"13102","President and Vice President","59307","Donald J. Trump","REP","933","933","857","538","369","0","1764"
"13102","President and Vice President","59307","Donald J. Trump","REP","935","935","850","606","580","0","2036"
"13102","President and Vice President","59307","Donald J. Trump","REP","937","937","794","665","513","0","1972"
"13102","President and Vice President","59307","Donald J. Trump","REP","938","938","30","27","54","0","111"
"13102","President and Vice President","59307","Donald J. Trump","REP","939","939","587","595","435","0","1617"
"13102","President and Vice President","59307","Donald J. Trump","REP","940","940","20","11","19","0","50"
"13102","President and Vice President","59307","Donald J. Trump","REP","941","941","402","295","190","0","887"
"13102","President and Vice President","59307","Donald J. Trump","REP","942","942","336","261","337","0","934"
"13102","President and Vice President","59307","Donald J. Trump","REP","943","943","228","242","316","0","786"
"13102","President and Vice President","59307","Donald J. Trump","REP","944","944","479","322","448","0","1249"
"13102","President and Vice President","59307","Donald J. Trump","REP","946","946","779","400","476","0","1655"
"13102","President and Vice President","59307","Donald J. Trump","REP","947","947","1096","813","827","0","2736"
"13102","President and Vice President","59307","Donald J. Trump","REP","948","948","196","231","258","0","685"
"13102","President and Vice President","59307","Donald J. Trump","REP","949","949","826","884","658","0","2368"
"13102","President and Vice President","59307","Donald J. Trump","REP","950","950","292","209","225","0","726"
"13102","President and Vice President","59307","Donald J. Trump","REP","951","951","357","247","259","0","863"
"13102","President and Vice President","59307","Donald J. Trump","REP","952","952","498","351","238","0","1087"
"13102","President and Vice President","59307","Donald J. Trump","REP","953","953","568","450","507","0","1525"
"13102","President and Vice President","59307","Donald J. Trump","REP","954","954","76","31","60","0","167"
"13102","President and Vice President","59307","Donald J. Trump","REP","955","955","578","426","485","0","1489"
"13102","President and Vice President","59307","Donald J. Trump","REP","956","956","394","316","294","0","1004"
"13102","President and Vice President","59307","Donald J. Trump","REP","957","957","554","347","415","0","1316"
"13102","President and Vice President","59307","Donald J. Trump","REP","959","959","542","341","300","0","1183"
"13102","President and Vice President","59307","Donald J. Trump","REP","961","961","143","160","184","0","487"
"13102","President and Vice President","59307","Donald J. Trump","REP","962","962","150","117","133","0","400"
"13102","President and Vice President","59307","Donald J. Trump","REP","963","963","2","11","9","0","22"
"13102","President and Vice President","59307","Donald J. Trump","REP","964","964","14","9","16","0","39"
"13102","President and Vice President","59307","Donald J. Trump","REP","965","965","62","57","45","0","164"
"13102","President and Vice President","59307","Donald J. Trump","REP","967","967","61","63","69","0","193"
"13102","President and Vice President","59307","Donald J. Trump","REP","968","968","205","143","109","0","457"
"13102","President and Vice President","59307","Donald J. Trump","REP","969","969","49","76","75","0","200"
"13102","President and Vice President","59307","Donald J. Trump","REP","971","971","78","107","115","0","300"
"13102","President and Vice President","59307","Donald J. Trump","REP","972","972","158","135","98","0","391"
"13102","President and Vice President","59307","Donald J. Trump","REP","973","973","119","120","96","0","335"
"13102","President and Vice President","59307","Donald J. Trump","REP","999","999","29","425","7","0","461"
"13102","President and Vice President","59308","Hillary Rodham Clinton","DEM","101","101","551","429","345","0","1325"
"13102","President and Vice President","59308","Hillary Rodham Clinton","DEM","103","103","680","412","298","0","1390"
"13102","President and Vice President","59308","Hillary Rodham Clinton","DEM","105","105","772","488","410","0","1670"
"13102","President and Vice President","59308","Hillary Rodham Clinton","DEM","107","107","699","539","428","0","1666"
"13102","President and Vice President","59308","Hillary Rodham Clinton","DEM","108","108","286","305","212","0","803"
"13102","President and Vice President","59308","Hillary Rodham Clinton","DEM","109","109","309","294","190","0","793"
"13102","President and Vice President","59308","Hillary Rodham Clinton","DEM","111","111","339","267","146","0","752"
"13102","President and Vice President","59308","Hillary Rodham Clinton","DEM","112","112","361","316","171","0","848"
"13102","President and Vice President","59308","Hillary Rodham Clinton","DEM","113","113","465","316","242","0","1023"
"13102","President and Vice President","59308","Hillary Rodham Clinton","DEM","115","115","364","244","163","0","771"
"13102","President and Vice President","59308","Hillary Rodham Clinton","DEM","116","116","242","156","137","0","535"
"13102","President and Vice President","59308","Hillary Rodham Clinton","DEM","117","117","463","314","156","0","933"
"13102","President and Vice President","59308","Hillary Rodham Clinton","DEM","119","119","544","376","210","0","1130"
"13102","President and Vice President","59308","Hillary Rodham Clinton","DEM","121","121","549","412","276","0","1237"
"13102","President and Vice President","59308","Hillary Rodham Clinton","DEM","123","123","461","590","262","0","1313"
"13102","President and Vice President","59308","Hillary Rodham Clinton","DEM","125","125","142","158","126","0","426"
"13102","President and Vice President","59308","Hillary Rodham Clinton","DEM","127","127","400","478","355","0","1233"
"13102","President and Vice President","59308","Hillary Rodham Clinton","DEM","129","129","423","399","287","0","1109"
"13102","President and Vice President","59308","Hillary Rodham Clinton","DEM","131","131","522","487","265","0","1274"
"13102","President and Vice President","59308","Hillary Rodham Clinton","DEM","133","133","188","207","90","0","485"
"13102","President and Vice President","59308","Hillary Rodham Clinton","DEM","135","135","513","465","252","0","1230"
"13102","President and Vice President","59308","Hillary Rodham Clinton","DEM","137","137","398","370","178","0","946"
"13102","President and Vice President","59308","Hillary Rodham Clinton","DEM","139","139","356","417","150","0","923"
"13102","President and Vice President","59308","Hillary Rodham Clinton","DEM","141","141","241","195","97","0","533"
"13102","President and Vice President","59308","Hillary Rodham Clinton","DEM","145","145","172","143","157","0","472"
"13102","President and Vice President","59308","Hillary Rodham Clinton","DEM","151","151","261","212","146","0","619"
"13102","President and Vice President","59308","Hillary Rodham Clinton","DEM","153","153","95","118","55","0","268"
"13102","President and Vice President","59308","Hillary Rodham Clinton","DEM","157","157","148","107","77","0","332"
"13102","President and Vice President","59308","Hillary Rodham Clinton","DEM","159","159","443","471","234","0","1148"
"13102","President and Vice President","59308","Hillary Rodham Clinton","DEM","160","160","579","464","262","0","1305"
"13102","President and Vice President","59308","Hillary Rodham Clinton","DEM","163","163","97","109","127","0","333"
"13102","President and Vice President","59308","Hillary Rodham Clinton","DEM","165","165","193","181","262","0","636"
"13102","President and Vice President","59308","Hillary Rodham Clinton","DEM","169","169","603","307","373","0","1283"
"13102","President and Vice President","59308","Hillary Rodham Clinton","DEM","175","175","508","370","300","0","1178"
"13102","President and Vice President","59308","Hillary Rodham Clinton","DEM","179","179","233","241","203","0","677"
"13102","President and Vice President","59308","Hillary Rodham Clinton","DEM","203","203","619","445","353","0","1417"
"13102","President and Vice President","59308","Hillary Rodham Clinton","DEM","205","205","718","591","354","0","1663"
"13102","President and Vice President","59308","Hillary Rodham Clinton","DEM","207","207","548","240","258","0","1046"
"13102","President and Vice President","59308","Hillary Rodham Clinton","DEM","209","209","325","295","303","0","923"
"13102","President and Vice President","59308","Hillary Rodham Clinton","DEM","213","213","428","262","401","0","1091"
"13102","President and Vice President","59308","Hillary Rodham Clinton","DEM","217","217","569","440","266","0","1275"
"13102","President and Vice President","59308","Hillary Rodham Clinton","DEM","218","218","160","117","83","0","360"
"13102","President and Vice President","59308","Hillary Rodham Clinton","DEM","219","219","434","529","340","0","1303"
"13102","President and Vice President","59308","Hillary Rodham Clinton","DEM","221","221","74","73","93","0","240"
"13102","President and Vice President","59308","Hillary Rodham Clinton","DEM","223","223","471","419","405","0","1295"
"13102","President and Vice President","59308","Hillary Rodham Clinton","DEM","225","225","182","137","117","0","436"
"13102","President and Vice President","59308","Hillary Rodham Clinton","DEM","227","227","419","422","411","0","1252"
"13102","President and Vice President","59308","Hillary Rodham Clinton","DEM","231","231","605","366","447","0","1418"
"13102","President and Vice President","59308","Hillary Rodham Clinton","DEM","233","233","426","273","360","0","1059"
"13102","President and Vice President","59308","Hillary Rodham Clinton","DEM","237","237","443","304","362","0","1109"
"13102","President and Vice President","59308","Hillary Rodham Clinton","DEM","239","239","355","273","373","0","1001"
"13102","President and Vice President","59308","Hillary Rodham Clinton","DEM","240","240","533","418","318","0","1269"
"13102","President and Vice President","59308","Hillary Rodham Clinton","DEM","241","241","14","53","144","0","211"
"13102","President and Vice President","59308","Hillary Rodham Clinton","DEM","243","243","570","357","296","0","1223"
"13102","President and Vice President","59308","Hillary Rodham Clinton","DEM","245","245","245","222","279","0","746"
"13102","President and Vice President","59308","Hillary Rodham Clinton","DEM","247","247","109","96","118","0","323"
"13102","President and Vice President","59308","Hillary Rodham Clinton","DEM","249","249","411","325","268","0","1004"
"13102","President and Vice President","59308","Hillary Rodham Clinton","DEM","250","250","3","9","15","0","27"
"13102","President and Vice President","59308","Hillary Rodham Clinton","DEM","301","301","84","88","238","0","410"
"13102","President and Vice President","59308","Hillary Rodham Clinton","DEM","303","303","192","182","230","0","604"
"13102","President and Vice President","59308","Hillary Rodham Clinton","DEM","305","305","969","659","685","0","2313"
"13102","President and Vice President","59308","Hillary Rodham Clinton","DEM","307","307","524","337","476","0","1337"
"13102","President and Vice President","59308","Hillary Rodham Clinton","DEM","309","309","864","451","487","0","1802"
"13102","President and Vice President","59308","Hillary Rodham Clinton","DEM","317","317","452","349","439","0","1240"
"13102","President and Vice President","59308","Hillary Rodham Clinton","DEM","318","318","324","209","250","0","783"
"13102","President and Vice President","59308","Hillary Rodham Clinton","DEM","319","319","462","293","323","0","1078"
"13102","President and Vice President","59308","Hillary Rodham Clinton","DEM","321","321","1053","459","502","0","2014"
"13102","President and Vice President","59308","Hillary Rodham Clinton","DEM","325","325","965","532","591","0","2088"
"13102","President and Vice President","59308","Hillary Rodham Clinton","DEM","327","327","895","539","600","0","2034"
"13102","President and Vice President","59308","Hillary Rodham Clinton","DEM","329","329","950","613","576","0","2139"
"13102","President and Vice President","59308","Hillary Rodham Clinton","DEM","333","333","200","189","250","0","639"
"13102","President and Vice President","59308","Hillary Rodham Clinton","DEM","335","335","263","192","203","0","658"
"13102","President and Vice President","59308","Hillary Rodham Clinton","DEM","338","338","385","211","307","0","903"
"13102","President and Vice President","59308","Hillary Rodham Clinton","DEM","339","339","277","180","263","0","720"
"13102","President and Vice President","59308","Hillary Rodham Clinton","DEM","341","341","948","461","566","0","1975"
"13102","President and Vice President","59308","Hillary Rodham Clinton","DEM","342","342","683","410","374","0","1467"
"13102","President and Vice President","59308","Hillary Rodham Clinton","DEM","343","343","387","191","240","0","818"
"13102","President and Vice President","59308","Hillary Rodham Clinton","DEM","344","344","496","324","547","0","1367"
"13102","President and Vice President","59308","Hillary Rodham Clinton","DEM","345","345","545","262","529","0","1336"
"13102","President and Vice President","59308","Hillary Rodham Clinton","DEM","346","346","14","5","13","0","32"
"13102","President and Vice President","59308","Hillary Rodham Clinton","DEM","347","347","625","443","638","0","1706"
"13102","President and Vice President","59308","Hillary Rodham Clinton","DEM","353","353","265","30","563","0","858"
"13102","President and Vice President","59308","Hillary Rodham Clinton","DEM","355","355","60","44","38","0","142"
"13102","President and Vice President","59308","Hillary Rodham Clinton","DEM","356","356","115","38","56","0","209"
"13102","President and Vice President","59308","Hillary Rodham Clinton","DEM","357","357","300","251","207","0","758"
"13102","President and Vice President","59308","Hillary Rodham Clinton","DEM","358","358","293","260","185","0","738"
"13102","President and Vice President","59308","Hillary Rodham Clinton","DEM","359","359","1195","791","575","0","2561"
"13102","President and Vice President","59308","Hillary Rodham Clinton","DEM","361","361","659","432","151","0","1242"
"13102","President and Vice President","59308","Hillary Rodham Clinton","DEM","362","362","1082","532","203","0","1817"
"13102","President and Vice President","59308","Hillary Rodham Clinton","DEM","363","363","1417","551","398","0","2366"
"13102","President and Vice President","59308","Hillary Rodham Clinton","DEM","367","367","1937","1087","549","0","3573"
"13102","President and Vice President","59308","Hillary Rodham Clinton","DEM","401","401","545","376","295","0","1216"
"13102","President and Vice President","59308","Hillary Rodham Clinton","DEM","403","403","536","331","398","0","1265"
"13102","President and Vice President","59308","Hillary Rodham Clinton","DEM","404","404","142","107","92","0","341"
"13102","President and Vice President","59308","Hillary Rodham Clinton","DEM","405","405","394","204","246","0","844"
"13102","President and Vice President","59308","Hillary Rodham Clinton","DEM","407","407","598","394","340","0","1332"
"13102","President and Vice President","59308","Hillary Rodham Clinton","DEM","410","410","396","237","240","0","873"
"13102","President and Vice President","59308","Hillary Rodham Clinton","DEM","411","411","532","324","258","0","1114"
"13102","President and Vice President","59308","Hillary Rodham Clinton","DEM","412","412","550","354","255","0","1159"
"13102","President and Vice President","59308","Hillary Rodham Clinton","DEM","413","413","229","137","113","0","479"
"13102","President and Vice President","59308","Hillary Rodham Clinton","DEM","414","414","806","469","541","0","1816"
"13102","President and Vice President","59308","Hillary Rodham Clinton","DEM","415","415","670","377","360","0","1407"
"13102","President and Vice President","59308","Hillary Rodham Clinton","DEM","421","421","492","342","242","0","1076"
"13102","President and Vice President","59308","Hillary Rodham Clinton","DEM","422","422","595","433","300","0","1328"
"13102","President and Vice President","59308","Hillary Rodham Clinton","DEM","423","423","448","381","272","0","1101"
"13102","President and Vice President","59308","Hillary Rodham Clinton","DEM","429","429","481","472","295","0","1248"
"13102","President and Vice President","59308","Hillary Rodham Clinton","DEM","430","430","195","124","145","0","464"
"13102","President and Vice President","59308","Hillary Rodham Clinton","DEM","431","431","698","464","185","0","1347"
"13102","President and Vice President","59308","Hillary Rodham Clinton","DEM","433","433","107","174","114","0","395"
"13102","President and Vice President","59308","Hillary Rodham Clinton","DEM","434","434","668","373","354","0","1395"
"13102","President and Vice President","59308","Hillary Rodham Clinton","DEM","451","451","486","495","379","0","1360"
"13102","President and Vice President","59308","Hillary Rodham Clinton","DEM","454","454","400","329","361","0","1090"
"13102","President and Vice President","59308","Hillary Rodham Clinton","DEM","455","455","301","225","321","0","847"
"13102","President and Vice President","59308","Hillary Rodham Clinton","DEM","457","457","368","372","440","0","1180"
"13102","President and Vice President","59308","Hillary Rodham Clinton","DEM","459","459","697","544","471","0","1712"
"13102","President and Vice President","59308","Hillary Rodham Clinton","DEM","461","461","181","219","165","0","565"
"13102","President and Vice President","59308","Hillary Rodham Clinton","DEM","463","463","377","311","314","0","1002"
"13102","President and Vice President","59308","Hillary Rodham Clinton","DEM","500","500","887","567","274","0","1728"
"13102","President and Vice President","59308","Hillary Rodham Clinton","DEM","501","501","794","483","220","0","1497"
"13102","President and Vice President","59308","Hillary Rodham Clinton","DEM","502","502","183","161","149","0","493"
"13102","President and Vice President","59308","Hillary Rodham Clinton","DEM","503","503","560","610","407","0","1577"
"13102","President and Vice President","59308","Hillary Rodham Clinton","DEM","504","504","575","605","356","0","1536"
"13102","President and Vice President","59308","Hillary Rodham Clinton","DEM","505","505","733","659","506","0","1898"
"13102","President and Vice President","59308","Hillary Rodham Clinton","DEM","507","507","411","249","202","0","862"
"13102","President and Vice President","59308","Hillary Rodham Clinton","DEM","508","508","630","318","152","0","1100"
"13102","President and Vice President","59308","Hillary Rodham Clinton","DEM","509","509","234","262","140","0","636"
"13102","President and Vice President","59308","Hillary Rodham Clinton","DEM","510","510","311","362","167","0","840"
"13102","President and Vice President","59308","Hillary Rodham Clinton","DEM","511","511","430","457","270","0","1157"
"13102","President and Vice President","59308","Hillary Rodham Clinton","DEM","513","513","110","148","79","0","337"
"13102","President and Vice President","59308","Hillary Rodham Clinton","DEM","514","514","230","256","85","0","571"
"13102","President and Vice President","59308","Hillary Rodham Clinton","DEM","516","516","393","313","175","0","881"
"13102","President and Vice President","59308","Hillary Rodham Clinton","DEM","517","517","298","244","134","0","676"
"13102","President and Vice President","59308","Hillary Rodham Clinton","DEM","519","519","321","307","219","0","847"
"13102","President and Vice President","59308","Hillary Rodham Clinton","DEM","520","520","203","179","112","0","494"
"13102","President and Vice President","59308","Hillary Rodham Clinton","DEM","521","521","410","319","218","0","947"
"13102","President and Vice President","59308","Hillary Rodham Clinton","DEM","522","522","182","173","50","0","405"
"13102","President and Vice President","59308","Hillary Rodham Clinton","DEM","523","523","468","454","311","0","1233"
"13102","President and Vice President","59308","Hillary Rodham Clinton","DEM","524","524","224","207","202","0","633"
"13102","President and Vice President","59308","Hillary Rodham Clinton","DEM","525","525","563","445","323","0","1331"
"13102","President and Vice President","59308","Hillary Rodham Clinton","DEM","526","526","327","229","122","0","678"
"13102","President and Vice President","59308","Hillary Rodham Clinton","DEM","527","527","860","496","206","0","1562"
"13102","President and Vice President","59308","Hillary Rodham Clinton","DEM","528","528","385","296","118","0","799"
"13102","President and Vice President","59308","Hillary Rodham Clinton","DEM","529","529","369","357","138","0","864"
"13102","President and Vice President","59308","Hillary Rodham Clinton","DEM","530","530","227","155","69","0","451"
"13102","President and Vice President","59308","Hillary Rodham Clinton","DEM","531","531","427","387","185","0","999"
"13102","President and Vice President","59308","Hillary Rodham Clinton","DEM","532","532","191","150","58","0","399"
"13102","President and Vice President","59308","Hillary Rodham Clinton","DEM","533","533","484","447","248","0","1179"
"13102","President and Vice President","59308","Hillary Rodham Clinton","DEM","534","534","483","349","231","0","1063"
"13102","President and Vice President","59308","Hillary Rodham Clinton","DEM","535","535","289","193","316","0","798"
"13102","President and Vice President","59308","Hillary Rodham Clinton","DEM","537","537","398","360","256","0","1014"
"13102","President and Vice President","59308","Hillary Rodham Clinton","DEM","538","538","474","491","229","0","1194"
"13102","President and Vice President","59308","Hillary Rodham Clinton","DEM","550","550","115","137","63","0","315"
"13102","President and Vice President","59308","Hillary Rodham Clinton","DEM","551","551","234","274","162","0","670"
"13102","President and Vice President","59308","Hillary Rodham Clinton","DEM","552","552","286","237","155","0","678"
"13102","President and Vice President","59308","Hillary Rodham Clinton","DEM","554","554","145","143","95","0","383"
"13102","President and Vice President","59308","Hillary Rodham Clinton","DEM","555","555","150","136","110","0","396"
"13102","President and Vice President","59308","Hillary Rodham Clinton","DEM","557","557","298","242","224","0","764"
"13102","President and Vice President","59308","Hillary Rodham Clinton","DEM","559","559","328","193","487","0","1008"
"13102","President and Vice President","59308","Hillary Rodham Clinton","DEM","560","560","5","91","102","0","198"
"13102","President and Vice President","59308","Hillary Rodham Clinton","DEM","561","561","4","54","47","0","105"
"13102","President and Vice President","59308","Hillary Rodham Clinton","DEM","562","562","967","432","632","0","2031"
"13102","President and Vice President","59308","Hillary Rodham Clinton","DEM","563","563","476","319","596","0","1391"
"13102","President and Vice President","59308","Hillary Rodham Clinton","DEM","565","565","33","30","66","0","129"
"13102","President and Vice President","59308","Hillary Rodham Clinton","DEM","566","566","477","309","527","0","1313"
"13102","President and Vice President","59308","Hillary Rodham Clinton","DEM","567","567","210","134","269","0","613"
"13102","President and Vice President","59308","Hillary Rodham Clinton","DEM","569","569","338","345","215","0","898"
"13102","President and Vice President","59308","Hillary Rodham Clinton","DEM","571","571","289","226","192","0","707"
"13102","President and Vice President","59308","Hillary Rodham Clinton","DEM","573","573","42","48","43","0","133"
"13102","President and Vice President","59308","Hillary Rodham Clinton","DEM","574","574","420","300","267","0","987"
"13102","President and Vice President","59308","Hillary Rodham Clinton","DEM","575","575","333","304","165","0","802"
"13102","President and Vice President","59308","Hillary Rodham Clinton","DEM","577","577","660","529","252","0","1441"
"13102","President and Vice President","59308","Hillary Rodham Clinton","DEM","578","578","296","210","120","0","626"
"13102","President and Vice President","59308","Hillary Rodham Clinton","DEM","579","579","251","292","136","0","679"
"13102","President and Vice President","59308","Hillary Rodham Clinton","DEM","581","581","344","292","321","0","957"
"13102","President and Vice President","59308","Hillary Rodham Clinton","DEM","583","583","317","215","247","0","779"
"13102","President and Vice President","59308","Hillary Rodham Clinton","DEM","584","584","293","183","245","0","721"
"13102","President and Vice President","59308","Hillary Rodham Clinton","DEM","585","585","262","210","209","0","681"
"13102","President and Vice President","59308","Hillary Rodham Clinton","DEM","587","587","248","304","217","0","769"
"13102","President and Vice President","59308","Hillary Rodham Clinton","DEM","589","589","116","107","88","0","311"
"13102","President and Vice President","59308","Hillary Rodham Clinton","DEM","591","591","340","373","218","0","931"
"13102","President and Vice President","59308","Hillary Rodham Clinton","DEM","595","595","296","339","182","0","817"
"13102","President and Vice President","59308","Hillary Rodham Clinton","DEM","601","601","460","263","330","0","1053"
"13102","President and Vice President","59308","Hillary Rodham Clinton","DEM","603","603","50","50","67","0","167"
"13102","President and Vice President","59308","Hillary Rodham Clinton","DEM","605","605","56","50","104","0","210"
"13102","President and Vice President","59308","Hillary Rodham Clinton","DEM","613","613","364","174","248","0","786"
"13102","President and Vice President","59308","Hillary Rodham Clinton","DEM","617","617","819","395","342","0","1556"
"13102","President and Vice President","59308","Hillary Rodham Clinton","DEM","622","622","305","125","161","0","591"
"13102","President and Vice President","59308","Hillary Rodham Clinton","DEM","623","623","507","202","292","0","1001"
"13102","President and Vice President","59308","Hillary Rodham Clinton","DEM","625","625","165","93","136","0","394"
"13102","President and Vice President","59308","Hillary Rodham Clinton","DEM","626","626","230","113","128","0","471"
"13102","President and Vice President","59308","Hillary Rodham Clinton","DEM","629","629","313","252","273","0","838"
"13102","President and Vice President","59308","Hillary Rodham Clinton","DEM","631","631","96","97","131","0","324"
"13102","President and Vice President","59308","Hillary Rodham Clinton","DEM","633","633","159","213","101","0","473"
"13102","President and Vice President","59308","Hillary Rodham Clinton","DEM","635","635","268","206","236","0","710"
"13102","President and Vice President","59308","Hillary Rodham Clinton","DEM","636","636","56","59","46","0","161"
"13102","President and Vice President","59308","Hillary Rodham Clinton","DEM","637","637","11","7","13","0","31"
"13102","President and Vice President","59308","Hillary Rodham Clinton","DEM","639","639","47","35","77","0","159"
"13102","President and Vice President","59308","Hillary Rodham Clinton","DEM","641","641","388","196","209","0","793"
"13102","President and Vice President","59308","Hillary Rodham Clinton","DEM","643","643","144","51","154","0","349"
"13102","President and Vice President","59308","Hillary Rodham Clinton","DEM","650","650","355","125","142","0","622"
"13102","President and Vice President","59308","Hillary Rodham Clinton","DEM","651","651","326","197","126","0","649"
"13102","President and Vice President","59308","Hillary Rodham Clinton","DEM","652","652","338","213","224","0","775"
"13102","President and Vice President","59308","Hillary Rodham Clinton","DEM","653","653","359","296","123","0","778"
"13102","President and Vice President","59308","Hillary Rodham Clinton","DEM","654","654","256","134","170","0","560"
"13102","President and Vice President","59308","Hillary Rodham Clinton","DEM","655","655","398","278","178","0","854"
"13102","President and Vice President","59308","Hillary Rodham Clinton","DEM","657","657","288","233","164","0","685"
"13102","President and Vice President","59308","Hillary Rodham Clinton","DEM","658","658","287","179","137","0","603"
"13102","President and Vice President","59308","Hillary Rodham Clinton","DEM","659","659","406","308","164","0","878"
"13102","President and Vice President","59308","Hillary Rodham Clinton","DEM","661","661","388","158","146","0","692"
"13102","President and Vice President","59308","Hillary Rodham Clinton","DEM","662","662","114","111","50","0","275"
"13102","President and Vice President","59308","Hillary Rodham Clinton","DEM","671","671","1366","703","474","0","2543"
"13102","President and Vice President","59308","Hillary Rodham Clinton","DEM","673","673","997","330","268","0","1595"
"13102","President and Vice President","59308","Hillary Rodham Clinton","DEM","701","701","667","513","448","0","1628"
"13102","President and Vice President","59308","Hillary Rodham Clinton","DEM","702","702","797","582","426","0","1805"
"13102","President and Vice President","59308","Hillary Rodham Clinton","DEM","703","703","137","129","73","0","339"
"13102","President and Vice President","59308","Hillary Rodham Clinton","DEM","705","705","16","21","26","0","63"
"13102","President and Vice President","59308","Hillary Rodham Clinton","DEM","706","706","42","59","82","0","183"
"13102","President and Vice President","59308","Hillary Rodham Clinton","DEM","707","707","77","76","69","0","222"
"13102","President and Vice President","59308","Hillary Rodham Clinton","DEM","709","709","141","93","184","0","418"
"13102","President and Vice President","59308","Hillary Rodham Clinton","DEM","711","711","74","36","75","0","185"
"13102","President and Vice President","59308","Hillary Rodham Clinton","DEM","713","713","273","158","285","0","716"
"13102","President and Vice President","59308","Hillary Rodham Clinton","DEM","721","721","220","192","225","0","637"
"13102","President and Vice President","59308","Hillary Rodham Clinton","DEM","750","750","387","205","204","0","796"
"13102","President and Vice President","59308","Hillary Rodham Clinton","DEM","751","751","297","233","171","0","701"
"13102","President and Vice President","59308","Hillary Rodham Clinton","DEM","753","753","807","388","439","0","1634"
"13102","President and Vice President","59308","Hillary Rodham Clinton","DEM","754","754","216","132","104","0","452"
"13102","President and Vice President","59308","Hillary Rodham Clinton","DEM","755","755","133","81","115","0","329"
"13102","President and Vice President","59308","Hillary Rodham Clinton","DEM","757","757","595","252","379","0","1226"
"13102","President and Vice President","59308","Hillary Rodham Clinton","DEM","759","759","375","198","188","0","761"
"13102","President and Vice President","59308","Hillary Rodham Clinton","DEM","761","761","194","145","187","0","526"
"13102","President and Vice President","59308","Hillary Rodham Clinton","DEM","763","763","64","46","55","0","165"
"13102","President and Vice President","59308","Hillary Rodham Clinton","DEM","764","764","163","151","163","0","477"
"13102","President and Vice President","59308","Hillary Rodham Clinton","DEM","765","765","80","55","97","0","232"
"13102","President and Vice President","59308","Hillary Rodham Clinton","DEM","767","767","208","129","193","0","530"
"13102","President and Vice President","59308","Hillary Rodham Clinton","DEM","769","769","99","83","105","0","287"
"13102","President and Vice President","59308","Hillary Rodham Clinton","DEM","801","801","274","224","170","0","668"
"13102","President and Vice President","59308","Hillary Rodham Clinton","DEM","803","803","123","101","57","0","281"
"13102","President and Vice President","59308","Hillary Rodham Clinton","DEM","804","804","434","337","187","0","958"
"13102","President and Vice President","59308","Hillary Rodham Clinton","DEM","805","805","511","371","179","0","1061"
"13102","President and Vice President","59308","Hillary Rodham Clinton","DEM","806","806","283","213","164","0","660"
"13102","President and Vice President","59308","Hillary Rodham Clinton","DEM","807","807","211","147","118","0","476"
"13102","President and Vice President","59308","Hillary Rodham Clinton","DEM","808","808","193","154","108","0","455"
"13102","President and Vice President","59308","Hillary Rodham Clinton","DEM","809","809","137","112","47","0","296"
"13102","President and Vice President","59308","Hillary Rodham Clinton","DEM","810","810","278","209","152","0","639"
"13102","President and Vice President","59308","Hillary Rodham Clinton","DEM","811","811","281","286","187","0","754"
"13102","President and Vice President","59308","Hillary Rodham Clinton","DEM","813","813","601","419","274","0","1294"
"13102","President and Vice President","59308","Hillary Rodham Clinton","DEM","814","814","197","215","161","0","573"
"13102","President and Vice President","59308","Hillary Rodham Clinton","DEM","815","815","151","91","64","0","306"
"13102","President and Vice President","59308","Hillary Rodham Clinton","DEM","816","816","214","174","89","0","477"
"13102","President and Vice President","59308","Hillary Rodham Clinton","DEM","817","817","419","394","217","0","1030"
"13102","President and Vice President","59308","Hillary Rodham Clinton","DEM","818","818","423","294","229","0","946"
"13102","President and Vice President","59308","Hillary Rodham Clinton","DEM","819","819","48","107","152","0","307"
"13102","President and Vice President","59308","Hillary Rodham Clinton","DEM","820","820","314","288","224","0","826"
"13102","President and Vice President","59308","Hillary Rodham Clinton","DEM","821","821","560","453","275","0","1288"
"13102","President and Vice President","59308","Hillary Rodham Clinton","DEM","825","825","291","308","265","0","864"
"13102","President and Vice President","59308","Hillary Rodham Clinton","DEM","827","827","266","231","200","0","697"
"13102","President and Vice President","59308","Hillary Rodham Clinton","DEM","828","828","1427","957","586","0","2970"
"13102","President and Vice President","59308","Hillary Rodham Clinton","DEM","829","829","522","428","276","0","1226"
"13102","President and Vice President","59308","Hillary Rodham Clinton","DEM","830","830","360","258","197","0","815"
"13102","President and Vice President","59308","Hillary Rodham Clinton","DEM","832","832","483","325","303","0","1111"
"13102","President and Vice President","59308","Hillary Rodham Clinton","DEM","833","833","294","207","205","0","706"
"13102","President and Vice President","59308","Hillary Rodham Clinton","DEM","834","834","404","277","280","0","961"
"13102","President and Vice President","59308","Hillary Rodham Clinton","DEM","851","851","468","372","224","0","1064"
"13102","President and Vice President","59308","Hillary Rodham Clinton","DEM","852","852","851","481","393","0","1725"
"13102","President and Vice President","59308","Hillary Rodham Clinton","DEM","853","853","264","151","203","0","618"
"13102","President and Vice President","59308","Hillary Rodham Clinton","DEM","854","854","3","2","2","0","7"
"13102","President and Vice President","59308","Hillary Rodham Clinton","DEM","855","855","295","317","223","0","835"
"13102","President and Vice President","59308","Hillary Rodham Clinton","DEM","856","856","327","325","320","0","972"
"13102","President and Vice President","59308","Hillary Rodham Clinton","DEM","857","857","381","294","236","0","911"
"13102","President and Vice President","59308","Hillary Rodham Clinton","DEM","858","858","259","172","181","0","612"
"13102","President and Vice President","59308","Hillary Rodham Clinton","DEM","860","860","213","170","138","0","521"
"13102","President and Vice President","59308","Hillary Rodham Clinton","DEM","862","862","12","15","19","0","46"
"13102","President and Vice President","59308","Hillary Rodham Clinton","DEM","863","863","66","94","85","0","245"
"13102","President and Vice President","59308","Hillary Rodham Clinton","DEM","867","867","654","474","465","0","1593"
"13102","President and Vice President","59308","Hillary Rodham Clinton","DEM","868","868","207","165","158","0","530"
"13102","President and Vice President","59308","Hillary Rodham Clinton","DEM","869","869","201","192","143","0","536"
"13102","President and Vice President","59308","Hillary Rodham Clinton","DEM","871","871","382","342","228","0","952"
"13102","President and Vice President","59308","Hillary Rodham Clinton","DEM","875","875","506","510","345","0","1361"
"13102","President and Vice President","59308","Hillary Rodham Clinton","DEM","876","876","327","284","233","0","844"
"13102","President and Vice President","59308","Hillary Rodham Clinton","DEM","879","879","479","455","312","0","1246"
"13102","President and Vice President","59308","Hillary Rodham Clinton","DEM","883","883","541","346","316","0","1203"
"13102","President and Vice President","59308","Hillary Rodham Clinton","DEM","885","885","476","386","347","0","1209"
"13102","President and Vice President","59308","Hillary Rodham Clinton","DEM","887","887","347","233","307","0","887"
"13102","President and Vice President","59308","Hillary Rodham Clinton","DEM","889","889","144","131","143","0","418"
"13102","President and Vice President","59308","Hillary Rodham Clinton","DEM","891","891","135","136","133","0","404"
"13102","President and Vice President","59308","Hillary Rodham Clinton","DEM","892","892","91","73","85","0","249"
"13102","President and Vice President","59308","Hillary Rodham Clinton","DEM","901","901","590","296","428","0","1314"
"13102","President and Vice President","59308","Hillary Rodham Clinton","DEM","904","904","274","505","218","0","997"
"13102","President and Vice President","59308","Hillary Rodham Clinton","DEM","905","905","47","26","39","0","112"
"13102","President and Vice President","59308","Hillary Rodham Clinton","DEM","906","906","14","116","33","0","163"
"13102","President and Vice President","59308","Hillary Rodham Clinton","DEM","907","907","87","106","80","0","273"
"13102","President and Vice President","59308","Hillary Rodham Clinton","DEM","908","908","430","630","236","0","1296"
"13102","President and Vice President","59308","Hillary Rodham Clinton","DEM","909","909","258","559","193","0","1010"
"13102","President and Vice President","59308","Hillary Rodham Clinton","DEM","911","911","93","111","82","0","286"
"13102","President and Vice President","59308","Hillary Rodham Clinton","DEM","912","912","16","32","21","0","69"
"13102","President and Vice President","59308","Hillary Rodham Clinton","DEM","913","913","767","613","463","0","1843"
"13102","President and Vice President","59308","Hillary Rodham Clinton","DEM","914","914","750","375","322","0","1447"
"13102","President and Vice President","59308","Hillary Rodham Clinton","DEM","917","917","11","22","37","0","70"
"13102","President and Vice President","59308","Hillary Rodham Clinton","DEM","918","918","33","24","41","0","98"
"13102","President and Vice President","59308","Hillary Rodham Clinton","DEM","919","919","88","73","75","0","236"
"13102","President and Vice President","59308","Hillary Rodham Clinton","DEM","921","921","184","339","112","0","635"
"13102","President and Vice President","59308","Hillary Rodham Clinton","DEM","925","925","88","145","107","0","340"
"13102","President and Vice President","59308","Hillary Rodham Clinton","DEM","927","927","11","131","67","0","209"
"13102","President and Vice President","59308","Hillary Rodham Clinton","DEM","929","929","601","721","250","0","1572"
"13102","President and Vice President","59308","Hillary Rodham Clinton","DEM","932","932","759","334","428","0","1521"
"13102","President and Vice President","59308","Hillary Rodham Clinton","DEM","933","933","677","498","218","0","1393"
"13102","President and Vice President","59308","Hillary Rodham Clinton","DEM","935","935","599","482","320","0","1401"
"13102","President and Vice President","59308","Hillary Rodham Clinton","DEM","937","937","264","324","124","0","712"
"13102","President and Vice President","59308","Hillary Rodham Clinton","DEM","938","938","15","10","18","0","43"
"13102","President and Vice President","59308","Hillary Rodham Clinton","DEM","939","939","348","451","199","0","998"
"13102","President and Vice President","59308","Hillary Rodham Clinton","DEM","940","940","0","10","13","0","23"
"13102","President and Vice President","59308","Hillary Rodham Clinton","DEM","941","941","113","164","67","0","344"
"13102","President and Vice President","59308","Hillary Rodham Clinton","DEM","942","942","837","422","500","0","1759"
"13102","President and Vice President","59308","Hillary Rodham Clinton","DEM","943","943","180","151","212","0","543"
"13102","President and Vice President","59308","Hillary Rodham Clinton","DEM","944","944","881","537","418","0","1836"
"13102","President and Vice President","59308","Hillary Rodham Clinton","DEM","946","946","1168","664","572","0","2404"
"13102","President and Vice President","59308","Hillary Rodham Clinton","DEM","947","947","1724","1032","861","0","3617"
"13102","President and Vice President","59308","Hillary Rodham Clinton","DEM","948","948","114","135","126","0","375"
"13102","President and Vice President","59308","Hillary Rodham Clinton","DEM","949","949","1049","876","622","0","2547"
"13102","President and Vice President","59308","Hillary Rodham Clinton","DEM","950","950","260","159","152","0","571"
"13102","President and Vice President","59308","Hillary Rodham Clinton","DEM","951","951","229","176","109","0","514"
"13102","President and Vice President","59308","Hillary Rodham Clinton","DEM","952","952","348","282","135","0","765"
"13102","President and Vice President","59308","Hillary Rodham Clinton","DEM","953","953","510","372","260","0","1142"
"13102","President and Vice President","59308","Hillary Rodham Clinton","DEM","954","954","168","79","90","0","337"
"13102","President and Vice President","59308","Hillary Rodham Clinton","DEM","955","955","668","458","351","0","1477"
"13102","President and Vice President","59308","Hillary Rodham Clinton","DEM","956","956","412","263","239","0","914"
"13102","President and Vice President","59308","Hillary Rodham Clinton","DEM","957","957","687","362","313","0","1362"
"13102","President and Vice President","59308","Hillary Rodham Clinton","DEM","959","959","748","421","315","0","1484"
"13102","President and Vice President","59308","Hillary Rodham Clinton","DEM","961","961","349","257","304","0","910"
"13102","President and Vice President","59308","Hillary Rodham Clinton","DEM","962","962","168","86","90","0","344"
"13102","President and Vice President","59308","Hillary Rodham Clinton","DEM","963","963","2","2","7","0","11"
"13102","President and Vice President","59308","Hillary Rodham Clinton","DEM","964","964","116","75","49","0","240"
"13102","President and Vice President","59308","Hillary Rodham Clinton","DEM","965","965","500","435","386","0","1321"
"13102","President and Vice President","59308","Hillary Rodham Clinton","DEM","967","967","330","283","225","0","838"
"13102","President and Vice President","59308","Hillary Rodham Clinton","DEM","968","968","608","337","337","0","1282"
"13102","President and Vice President","59308","Hillary Rodham Clinton","DEM","969","969","114","70","71","0","255"
"13102","President and Vice President","59308","Hillary Rodham Clinton","DEM","971","971","309","234","331","0","874"
"13102","President and Vice President","59308","Hillary Rodham Clinton","DEM","972","972","293","219","103","0","615"
"13102","President and Vice President","59308","Hillary Rodham Clinton","DEM","973","973","343","226","260","0","829"
"13102","President and Vice President","59308","Hillary Rodham Clinton","DEM","999","999","29","413","3","0","445"